,Unnamed: 0,Unnamed: 0.1,product.product_brand_page_click_to_cart_rate,product.product_brand_page_impression_to_click_rate,product.product_click_to_cart_rate_4w,product.product_impression_to_click_rate_4w,product.product_is_high_sell_through,product.product_num_cart_adds_4w,product.product_num_clicks_4w,product.product_num_impressions_4w,product.product_num_search_excess_cart_adds_4w,product.product_num_search_excess_clicks_4w,product.product_num_search_impressions_4w,retailerbrand.retailer_brand_days_since_last_cart_item_added,retailerbrand.retailer_brand_days_since_last_favorite,retailerbrand.retailer_brand_days_since_last_order,retailerbrand.retailer_brand_days_since_last_visit,retailerbrand.retailer_brand_empirical_visit_rate,retailerbrand.retailer_brand_filter_first_order_minimum_dot_product,retailerbrand.retailer_brand_filter_maker_values_cosine_similarity,retailerbrand.retailer_brand_filter_maker_values_dot_product,retailerbrand.retailer_brand_filter_reorder_minimum_dot_product,retailerbrand.retailer_brand_lightfm_cosine_similarity,retailerbrand.retailer_brand_num_brand_impressions_12w,retailerbrand.retailer_brand_num_brand_impressions_1w,retailerbrand.retailer_brand_num_brand_impressions_4w,retailerbrand.retailer_brand_num_brand_orders_12w,retailerbrand.retailer_brand_num_brand_orders_1w,retailerbrand.retailer_brand_num_brand_orders_4w,retailerbrand.retailer_brand_num_brand_visits_12w,retailerbrand.retailer_brand_num_brand_visits_1w,retailerbrand.retailer_brand_num_brand_visits_4w,retailerbrand.retailer_brand_num_products_added_to_cart_12w,retailerbrand.retailer_brand_num_products_added_to_cart_1w,retailerbrand.retailer_brand_num_products_added_to_cart_4w,retailerbrand.retailer_last_added_brands_brand_lightfm_cosine_similarity,retailerbrand.retailer_last_ordered_brands_brand_lightfm_cosine_similarity,retailerbrand.retailer_last_visited_brands_brand_lightfm_cosine_similarity,rand,title,description,has_product_click,created_at_a,query_text,filter_string,page_number,page_size,position,retailer_token_anon,request_id_anon
0,26152,26152,1.0708,0.0133,,,0.0,,,303.0,-0.5483,0.157,218.0,,,,,,0.0,,0.0,0.0,0.2300140742499957,,,,,,,,,,,,,0.9997670277211848,0.9997227024805242,0.9995933322109266,51,Leopard Visor Sun Hat,Hat-leopard visor sun hat.,0,2020-05-31 00:22:33.18,sun hat,,0.0,48,23.0,188,1433
1,26890,26890,1.9197,0.0134,,,0.0,,,77.0,-0.0956,-0.5289,47.0,,,,,,,,,,,,,,,,,,,,,,,,,,50,Beach Ball (Blank),"Offbeat, cheeky and distinctive greeting cards derived from original oil paintings by Chicago artist, Danilo Cuevas.  We carry a full line of cards covering all occasions and holidays.  Blank inside, each card arrives with a matching envelope and packaged in a clear, protective sleeve.
A2 Card, Single with Matching Envelope.
",0,2020-05-31 01:21:00.418,beach,,23.0,24,559.0,132,703
2,41983,41983,0.608,0.0423,,,0.0,,,50.0,-0.0044,-0.0223,3.0,,,,,,,,,,,,,,,,,,,,,,,,,,7,Selene’s Love Necklace ,"Selene, considered the human personification of the moon itself by the Greeks, fell madly in love with a human and bore him 50 children. Now that’s true love!

Pendant and adjustable chain made of Gold Vermeil: sterling silver plated in 18k gold.Chain adjusts from 16-17-18"" and is perfect for layering!",0,2020-05-31 23:34:57.391,gold love necklace,,1.0,48,58.0,81,516
3,49020,49020,0.317,0.0066,,,0.0,,,133.0,-0.0463,-0.242,26.0,,11.0,,11.0,,0.0,0.0,0.0,0.0,0.3888469334867141,,22.0,56.0,,,,2.0,0.0,2.0,,,,0.9999043442989656,0.9998697892907416,0.9998988515795804,26,Black Plastic Letter Set for Changeable Felt Letter Boards,"Black plastic letter set for changeable felt letter boards. 3/4 inch letters, set of 300 characters by Felt like sharing.",0,2020-05-31 14:50:05.476,letter board,,0.0,48,48.0,728,940
4,42438,42438,0.6645,0.0126,,,0.0,,,137.0,-0.0243,-0.1516,19.0,,,,,,,,,,,,,,,,,,,,,,,,,,40,Love Cross Dakota Sign,"Our Dakota Signs are handcrafted from real wood by real hometown folks in downtown Laurel, Mississippi. Every sign is individually hand-cut, painted, printed, and framed in our workshop. These signs look great on almost any wall...from the dining room to den, bedroom to bath, man cave to the home office, mudroom to living room, and porch to the patio. 
Weight: 0lbs.
8"" X 8"" X 1.5"".",0,2020-05-31 21:58:00.131,porch signs,,0.0,50,44.0,265,1312
5,9374,9374,0.2977,0.0152,,,0.0,,,160.0,-0.0491,0.7205,14.0,20.0,,31.0,11.0,0.1881,0.0,,0.0,0.0,0.2249951637902221,202.0,,177.0,1.0,0.0,0.0,38.0,0.0,14.0,9.0,0.0,1.0,0.9998124109122712,0.999708673484806,0.9997829913983166,73,Sleeping Partners Super Soft Double Layer Faux Fur Blanket,"MATERIAL: 100% Super Soft Acrylic Fur backed to Microfiber Polyester Plush. DIMENSIONS: 50""x60"" Double Layered",0,2020-05-31 01:17:28.78,tadpoles,,0.0,50,29.0,190,948
6,45166,45166,0.4252,0.0015,,,0.0,,,27.0,-0.0346,-0.2072,21.0,,,,,,,,,,,,,,,,,,,,,,,,,,10,Canisateo - Eyeglass Cases,Your glasses will stay safe and scratch free in this carefully handcrafted.,0,2020-05-31 22:38:10.21,glass canister,,1.0,50,78.0,7,1025
7,53808,39442,0.21,0.005,,,0.0,,,169.0,-0.3662,-1.9213,211.0,,,,,,0.0,,0.0,0.0,0.2628924687066845,,,,,,,,,,,,,0.9997069972438056,0.9997336154717223,0.9996673579954573,69,8 oz Soy Candle - Citronella & Herb,"Citronella, lemon grass, and orange that helps keep pesky mosquitoes away!",0,2020-05-31 19:16:15.458,citronella,,0.0,48,19.0,90,734
8,46090,46090,0.1206,0.0091,,,0.0,,,173.0,-0.2316,-1.2144,95.0,56.0,,,62.0,,0.0,0.0,0.0,0.0,0.1897991505873784,,,,,,,1.0,0.0,0.0,3.0,0.0,0.0,0.9996739950835584,0.9995708646897634,0.9995432610437476,70,Decorative Christmas Throw Pillow Cover Christmas Stockings,"•	This Christmas Pillow cover has amazing design which fits for every kind of decoration and enhances the beauty of your home.
•	Perfect look and the quality product, and it goes with sofa, couch, sectionals, accent chairs and bed.
•	Spot clean or dry clean only, Insert Not Included, Made of Cotton Slub and Zipper Closer
•	Pillow Cover Size: 18"" x 18"" x 0.5""
•	These Pillows are Hand Illustrated Printed & Embroidered.
",0,2020-05-31 23:12:41.16,christmas stocking,,3.0,24,85.0,519,1050
9,43232,43232,0.478,0.0284,,,0.0,,,250.0,-0.2116,0.7365,117.0,2.0,143.0,21.0,3.0,1.3162,0.0,0.4997960493798833,0.3301886916160583,0.0,0.1694652031951538,136.0,21.0,107.0,1.0,0.0,1.0,179.0,127.0,173.0,30.0,8.0,30.0,0.9997567754692004,0.9997749865598452,0.9998367069303824,64,Earrings - shimmer 5,So pretty and trendy. Our most popular wedding earring. ,0,2020-05-31 01:51:28.635,beautiful boundries,"[""category:jewelry|earrings""]",0.0,48,29.0,230,1213
10,23985,23985,1.1092,0.0099,,,0.0,,,139.0,-0.2945,0.4228,134.0,,,,,,0.0,0.6000000133113202,0.0383999990299344,0.0,0.3196409824691916,,,,,,,,,,,,,0.99970485683443,0.999718083091544,0.9998363438943922,45,Cowboy Boot Flat Note Stationery Set,"Luxurious heavyweight stock. 70lb recycled envelopes. Made with love in Nashville, Tennessee. 8 ct. Stationery set A2 : 4.25"" x 5.5"".",0,2020-05-31 01:31:11.704,western,,6.0,50,318.0,327,1420
11,18732,18732,0.7879,0.0544,,0.0592,0.0,,,828.0,3.0061,19.2679,1014.0,,,,,,,,,,,,,,,,,,,,,,,,,,79,Handmade Cotton Face Masks- Aquatic Assortment,"The masks are made with 100% cotton outer fabric shell and are lined in soft, 100% cotton flannel. Nose bridge wire ensures a more custom fit. These masks are shaped to fit an average adult size face, from nose to under the chin. Also available in Big Kid and Little Kid sizes. Child sizes do not include nose wire to comply with CPSIA regulations.

Assortment may include waves, ocean life, mermaids, etc.",0,2020-05-31 20:45:12.601,kids masks,,2.0,48,139.0,335,690
12,49906,49906,0.5196,0.0177,,,0.0,,,63.0,-0.0327,-0.1614,18.0,,,,,,0.0,0.3162277621145805,0.016666667535901,0.0,0.315022679070269,,,,,,,,,,,,,0.9998049962027674,0.9996887168886304,0.9997776967601316,74,Namaste B*tches Zipper Bag,"Zipper pouches are the perfect way to keep your everyday essential items together and organized in your purse.
Size: Approx. 7 3/4"" W x 4 1/2"" H.
Single-Sided Full-Color Printing.
 Heat applied image allows for a vibrant and durable design.
 Gold Metal Zipper with gold tone plastic zipper teeth.
 12oz natural cotton canvas.
Comes with colored suede tassel (2.28 inches) and a metal D ring.
 Printed in sunny San Diego, USA!
Colors of tassels vary for each bag.",0,2020-05-31 02:30:39.677,namaste,,2.0,24,50.0,32,262
13,24348,24348,0.3961,0.001,,,0.0,,,50.0,-0.0833,-0.4338,27.0,,,,,,,,,,,,,,,,,,,,,,,,,,23,Tabby Cat Blank Greeting Card Creepy Cute Oddities Curiosity,"Card is 5 x 7 inches, envelope is 5.125 x 7.125 inches, 11 mil thickness.
Great to receive with gifts or a simple ""Thank you"".
* 11 mil Thickness
* Printed on white 60lb. acid free high gloss card stock with a smooth surface on the inside for writing. 
* Printed with Canon Archival Inks which are archival up to 200 years
* Thanks to its brilliant white tone, color on these cards pop and blacks are rich and deep.
* Packaged in a clear acid free bag.",0,2020-05-31 15:30:19.623,pop up cards,,1.0,48,52.0,701,385
14,33733,33733,0.2716,0.0105,,,0.0,,,238.0,-0.2491,-1.3479,108.0,,,,,,,,,,,,,,,,,,,,,,,,,,50,Light Pink Purse Insert Organizer - All Purpose Organizer,"All purpose organizer. Easily find, store & organize lingerie, make-up, toiletries, etc.
3 main sections, 2 zipper compartments, 4 expandable pockets, multiple mesh pockets, and tuck-away handles.
Lightweight easy-to-clean organizer bag folds up neatly for easy storage.
Ideal for travel.
Organizes for Women & Men: , car glove compartment, medicine cabinet.
Convenient shape and portable design.
Easy wipe-off for instant cleaning.

",0,2020-05-31 19:39:34.265,purse,,1.0,24,46.0,207,1226
15,15066,15066,0.1384,0.0261,,0.026,0.0,,,423.0,-1.1663,-0.8276,323.0,,,,,,0.0,,0.0,0.0,0.2546440106813688,,,,,,,,,,,,,0.998632032563443,0.9987503980503524,0.9989724224445848,37,Frances Maxi Dress - Ditsy Floral,"A V-neck style maxi dress with gathered drawstring detail at shoulder. 
A flattering empire cut with gathered skirt and pockets at both sides.
Made off 100% cotton fabric.
Crinkled lightweight floral print.",0,2020-05-31 15:31:54.704,maxi dress,,0.0,24,0.0,674,942
16,1141,1141,1.1016,0.0124,,,0.0,,,107.0,-0.3775,-0.8887,71.0,,,,,,,,,,,,,,,,,,,,,,,,,,52,Beaver Vinyl Sticker,"Single vinyl sticker packaged in a clear protective sleeve. Our stickers are thick, durable, waterproof, weatherproof and dishwasher safe! They are versatile and long-lasting enough to stick on a laptop, tablet, phone, locker, notebook, travel mug, thermos, water bottle, bike, car and more. What fun!                    
Size: Approx 2-7/8"" x 2-1/5""
",0,2020-05-31 18:24:49.052,vinyl stickers,,0.0,48,3.0,142,265
17,43407,43407,0.2532,0.0167,,,0.0,,,171.0,-0.2623,-0.3948,140.0,,,,,,,,,,,,,,,,,,,,,,,,,,67,Herbs Tea Towel,"This is a flour sack towel, a fabric which has been used for generations, and it is light, 100% cotton and dries quickly.

The towel measures 19"" x 33"" and due to the nature of the fabric is not always straight down the edge.

It’s better for the tea towel and the environment to wash in phosphate free detergent.",0,2020-05-31 22:43:54.846,tea towel,,1.0,48,96.0,289,652
18,7081,7081,0.4144,0.0235,,0.0236,0.0,,,677.0,-0.2583,0.5907,140.0,,,,,,0.0,0.4999999956926338,0.0384615398943424,0.0,0.4233736988340242,,,,,,,,,,,,,0.9996892703168228,,0.9996123098896852,72,Garden Maker | Farmer's Market,"Organic Culinary Vegetable Garden {rouge d'hiver lettuce, french breakfast radish, chantenay carrot, marmande tomato, bunching onion, mammoth melting snow pea, edible flower nasturtium, and haricot vert maxibel bean} A classic collection of organic culinary vegetables to grow in containers or garden space. Chosen for their ease in growing as well as their culinary versatility and ornamental value. Includes: 8 varieties of organic seed, recycled US steel case, garden stakes, pencil, directions.",0,2020-05-31 00:44:22.477,vegetable gardens,,0.0,48,1.0,326,1179
19,35598,35598,0.9224,0.0095,,,0.0,,,93.0,-0.0911,1.5251,41.0,,,,,,0.0,,0.0,0.0,0.3987351395444592,,,,,,,,,,,,,0.9999086242379892,0.9997564441241488,0.9999202839259468,17,Unicorn Headband,"Our unicorn headband is magical, shiny, and so easy to wear. Pair with a coordinating adventure cape and pom-pom wand for hours of dress-up fun! Fun for birthday parties, too. Adorned with tulle or fluffy iridescent boa on a bright fabric-covered headband. We guarantee no unicorns were harmed in the making. Will fit unicorns ages 3 and up.",1,2020-05-31 03:51:02.14,unicorn headand,,0.0,48,6.0,462,102
20,51365,51365,0.6106,0.0119,,,0.0,,,240.0,-0.3983,2.0522,153.0,,47.0,,25.0,0.0159,0.0089887641370296,0.7790275030987082,0.4518201230093837,0.0089887641370296,0.176227497169937,251.0,35.0,140.0,,,,4.0,0.0,1.0,,,,0.999735709418201,,0.9995038109699462,3,Farm Country Graphic Shirt- Cow w/ Orange Polka Dot Bandana,"Features: 
Sideseamed, relaxed unisex fit. 

Fabrication: 
52/48 cotton/poly

How we love to wear it: 
This T-shirt and tank is super cute to pair with your favorite shorts jeans and ready to go!

What a perfect layering tee to go under any flannel, sweater, cardigan or even alone! 
Just pair these with your favorite skinny jeans, leggings, or shorts and you've got a perfect outfit!  



",0,2020-05-31 14:09:25.144,denim jeans,"[""maker_value:made_in_usa"",""maker_value:not_sold_on_amazon"",""maker_value:women_owned""]",0.0,24,0.0,638,462
21,35843,35843,0.2303,0.0065,,,0.0,,,26.0,-0.0277,-0.1515,16.0,,,,,,,,,,,,,,,,,,,,,,,,,,30,Woodland Adventure Tent Art Print,"This floral art print makes the perfect camping themed kid's room decor, girl's nursery art or playroom print! Featuring a pink tent illustration with a botanical border, it is great for baby boutiques and children's gift stores.

* Digitally printed on 100% cotton archival matte fine art paper
* Prints are unframed
* Professionally packaged in a protective cello sleeve with rigid chipboard backing
* Made in the USA! Designed, printed, and packaged in Portland, Oregon",0,2020-05-31 02:07:48.677,girl room,,0.0,50,42.0,50,925
22,33853,33853,1.873,0.0115,,,0.0,,,116.0,-0.0828,-0.4322,37.0,,,,,,0.0,,0.0,0.0,0.3532256545581402,,,,,,,,,,,,,0.9997967701912264,0.9998645653154576,0.9997905823721668,81,4oz Coffee Bean Candle,"This coffee bean candle is crafted with roasted coffee beans on top. As the candle burns & the wax melts, the coffee beans float atop enriching this delicious fresh brewed coffee aroma. All wicks are cotton, lead-free & the burn time is approximately 15 hours. Size: 2"" x 2"" x 2"". Weight: 4oz.
",0,2020-05-31 16:25:10.669,kuhdoo,,0.0,50,41.0,79,455
23,37881,37881,1.3224,0.0203,,0.0056,0.0,,,1258.0,-3.2022,-10.1497,1727.0,,,,,,,,,,,,,,,,,,,,,,,,,,59,Uncrossing Candle,"A black midnight candle with a cleansing woodsy scent. 2 x 4 pillar burns for 40 hours. Remove the negative influences of others and your own self-defeating thoughts. Basically get out of your own way to allow all the good things to happen! Write your name on a piece of paper and place it under the candleholder. Before lighting the candle pass it over your head body and under your feet. Whisper your name and your troubles to the candle. Light it and burn it everyday until it is done.

",0,2020-05-31 17:58:32.80,candles,,0.0,50,49.0,242,219
24,26586,26586,0.4937,0.0255,,,0.0,,,365.0,-0.4558,-0.3841,255.0,,,,,,,,,,,,,,,,,,,,,,,,,,45,FACE MASK - RENEE RED/GREEN,"Printed watercolor art by Renée Rubach on masks. I wanted to help in some way in these difficult times.  I am donating a portion of the net proceeds of these masks to https://www.directrelief.org/
*    Washable Lightweight Fitted Stretch Face Cover/Mask
*    Design: One-Sided (Front-Outside)
*    Size: One size fits most 13.25W x 5.25H
*    Care: Machine Wash Gentle Cycle + Dry Low Heat. Do Not Iron

Not considered true PPE. It will not be as effective as using a medical-grade, disposable mask.",0,2020-05-31 11:38:38.004,face mask,,8.0,48,404.0,5,1133
25,11201,11201,0.0535,0.1261,,0.0189,0.0,,,2113.0,-2.8836,-8.799900000000003,3170.0,,,,,,,,,,,,,,,,,,,,,,,,,,52,Face Mask - Ace - Indigo Denim,"Perfect for quick errands, the Ace combines our premium full-coverage mask with elastic loops to slip behind your ears. Two layers of high-density cotton provide the best protection while minimizing heat-trapping. The generously cut design gives any face shape full coverage without gaps. Embedded copper nose band bends for a snug, custom fit (and reduces eyewear fogging). Built-in pocket lets you add your own filter for additional protection.",0,2020-05-31 18:36:34.271,face masks with filter,,0.0,48,35.0,183,844
26,26529,26529,0.1259,0.0221,,,0.0,,,145.0,-0.0109,-0.0661,7.0,16.0,,16.0,16.0,,0.0,0.4082482925322101,0.0961538478732109,0.0,0.3179903635111143,,,,1.0,0.0,1.0,2.0,0.0,2.0,1.0,0.0,1.0,0.9999292203281882,0.999848386679967,0.999885653849814,39,Sol Crop Top,"The sol crop top is the perfect vintage inspired top. This crop top has a mustard colored floral print in a super lightweight fabric for those hot summer days. It has an elasticated neckline and waist with a faux tie. Get ready for sunny days with this playful top.

Made in China.
Hand wash cold, lay flat to dry or dry clean only.
100% polyester.
Model is 5 ft 8 inches; bust: 34"", waist: 27"", hips: 36"".
Model is wearing a size s.
Runs true to size.",0,2020-05-31 12:53:08.234,lost and wander,,0.0,48,47.0,650,1315
27,3825,3825,0.4381,0.016,,,0.0,,,138.0,-0.243,-0.2635,130.0,,,,,,0.0,0.0,0.0,0.0,0.2887225599295308,,,,,,,,,,,,,0.9995342984010064,0.9989648564174513,0.9995008409427812,90,Vine Waste Bag Holder ,"This canvas vine waste bag holder is made from a classic Rifle Paper Co fabric! 
Brass zipper for easy open and close.
Holds one standard waste bag roll.
Brass ring on back for quick release of bags.
Brass lobster clip to attach to leash or on you.",0,2020-05-31 04:58:22.733,rifle paper co,,0.0,48,28.0,622,267
28,19234,19234,0.4069,0.0473,,0.0839,0.0,,,763.0,-0.3966,-2.0375,178.0,,,,,,0.0,,0.0,0.0,0.3559154310154299,,,,,,,,,,,,,0.9999337037008932,0.9999337037008932,0.9997085878236128,39,Floral Headband,"THIS HEADBAND IS PACKAGE-FREE. ALL PACKAGE-FREE STYLES ARE FINAL SALE. 

Floral Print Headband is a 'one size fits most'. This plush headband is adjustable with a velcro close. Perfect to pull your hair back and erase your makeup!",0,2020-05-31 19:31:44.165,makeup eraser,,0.0,50,17.0,70,638
29,6988,6988,0.176,0.0258,,0.0249,0.0,,,682.0,-1.5617,-1.8626,413.0,,,,,,,,,,,,,,,,,,,,,,,,,,80,8oz Tumbler Mixed 12 Pack,"12 x 8oz SoL Cups tumblers included in this pack:

Yummy Yellow
White Wave
Seaside Slate
Rocket Red
Radiant Rose
Perfect Pink
Blue Stone
Basalt Black
Winter Bondi Blue
Deep Sea Green
Cool Grey
Cool Cyan
-

SoL Cups tumblers are ethically produced using sustainable materials and are completely plastic free as well as incredibly light making them the perfect on-the-go cup.

Features Include:

-Light weight and crystal clear
-Hand blown using Borosilicate glass
-Dishwasher & Microwave safe",0,2020-05-31 14:12:27.877,tumbler,,1.0,24,28.0,137,48
30,770,770,0.2689,0.0102,,,0.0,,,108.0,-0.0994,-0.5287,55.0,,,,,,,,,,,,,,,,,,,,,,,,,,40,Candy Cane Classic Balloons,"Our best selling Classic Balloon Packs include high quality, 100% biodegradable balloons and each confetti balloon is hand-filled with our artisan confetti. Packaged with pep in our PA, USA studio. 

• 12 balloons (9 solid colored balloons + 3 pre-filled confetti balloons)

• 11"" diameter, sourced from North America

• Packaged in a 3 5/8 x 5/8 x 5 5/8” clear box
",0,2020-05-31 14:40:38.358,biodegradable,,3.0,24,90.0,172,240
31,36034,36034,0.2403,0.0093,,,0.0,,,212.0,-0.1452,-0.7703,68.0,5.0,10.0,6.0,5.0,,0.0,0.0,0.0,0.0,0.1963019949120357,,23.0,,1.0,1.0,1.0,17.0,7.0,17.0,3.0,3.0,3.0,0.999674383389806,0.9997257997576156,0.9993009374764964,79,Architec® AirDry™ Wine Glass Drying Rack 9x13,"Architec™ AirDry Wine Glass Drying Rack. Hang wine glasses upside down for proper air circulation to dry crystal clear! Holds all sizes. Dry one glass or four, engineered to keep from tipping.",0,2020-05-31 23:00:03.926,architec housewares,,0.0,48,21.0,557,843
32,11684,11684,0.5841,0.0072,,,0.0,,,66.0,-0.0068,-0.0385,4.0,,,,,,0.0,,0.0,0.0,,,,,,,,,,,,,,0.9993997754648716,0.9997276393947074,0.999653239440888,22,Shit is Bananas - C5031,"Newsflash! The world is freaking insane. We know. We're in this crazy life together, after all — but a friendly reminder never hurts. 

3.5” x 5"". Letter-pressed by hand on archival-quality card stock with a lemon drop envelope.",0,2020-05-31 02:49:45.062,all in this together,,0.0,50,43.0,36,1034
33,19136,19136,0.7865,0.1055,,,0.0,,,170.0,1.816,2.0514,67.0,,,,,,0.0,,0.0,0.0,0.4155522836955369,,,,,,,,,,,,,0.9998578738923756,0.9998804526740556,0.99960744603797,35,Twist Collection Bangle and Babe Bracelet Key Ring,"WRIST WORN SILICONE KEYRING

The bangle is designed to hold its shape when in use and also be easily manipulated to fit in small spaces. Made of food-grade silicone, the durable nonporous material is easily wiped clean or sanitized.

Features:
 * Large bangle easily slips onto wrist

* Bangle made of 100% food-grade silicone - safe for the whole family

* Non-porous materials - easily cleaned and sanitized

* Flexible bangle easily fits in your pocket or bag

WARNING: This is not a toy. ",0,2020-05-31 02:15:56.542,bangle and babe,,0.0,48,2.0,523,2
34,25396,25396,0.1669999999999999,0.0306,,,0.0,,,215.0,-0.6983,2.4476,237.0,,,,,,0.0,0.0,0.0,0.0,0.5400900197923826,,,,,,,,,,,,,0.9995868559593644,0.9994273628299056,0.9995364605905936,15,Umbrian Truffle Hand Cream,"Umbrian truffle hand cream is a nourishing hand cream formulated for daily use that provides skin with multi-layer hydration, protects skin from free radicals & improves tone & texture of skin for a deeply moisturized appearance. Ideal for all skin types, Umbrian Truffle Hand Cream is a nourishing hand cream formulated for daily use that provides skin with multilayer hydration, protects skin from free radicals, & improves tone & texture of skin for a deeply moisturized appearance. Size: 30ml.",0,2020-05-31 01:50:52.991,hand cream,,0.0,48,5.0,710,87
35,45115,45115,0.4252,0.0184,,,0.0,,,273.0,-0.186,1.9948,91.0,,,,,,,,,,,,,,,,,,,,,,,,,,28,24K GOLD LIFT & FIRM GEL EYE PATCHES,"What it is: Cooling, de-puffing, eye mask patches packed with Hyaluronic Acid, Collagen, Vitamin C, Vitamin E. 

Skin Type: Normal, Dry, Combination, and Oily

Skincare Concerns: Aging Skin, Dark Circles, Puffiness, Fine Lines and Wrinkles, and Redness

- Vitamin E: It helps prevent signs of Aging, it complements your SPF, it keeps skin Hydrated and Calm.
- Hyaluronic Acid: Hydrates Dry, Aged Skin, Helps Reduce Wrinkles, Sores, Sunburn and Wound Repair, Helps Reduce Dry Eyes and Eye Discomfort.",0,2020-05-31 16:19:42.512,collagen,,6.0,24,158.0,314,990
36,45076,45076,0.4263,0.0112,,,0.0,,,355.0,0.8239999999999998,0.0426,81.0,22.0,,,19.0,,0.0,0.0,0.0,0.0,0.1462500109222247,,,,,,,3.0,0.0,2.0,5.0,0.0,5.0,0.9994221405433068,0.9993416584514678,0.9993295788987082,7,BAE Best Aunt Ever Ceramic Mug,Pearhead’s ceramic mug is the perfect gift for any aunt. Includes a large handle for easy holding. “BAE: best aunt ever” printed on the front and back of mug. White mug with black handle. Do not microwave. Recommended hand wash and hand dry. Dimensions: 5.25” W x 4.5” H x 3.75” D; Fits 2 cups or 16 fluid ounces. ,0,2020-05-31 13:30:32.223,pottery mugs,,1.0,24,37.0,35,903
37,4039,4039,0.0671,0.0268,,,0.0,,,115.0,-0.1369,0.295,48.0,,,,,,,,,,,,,,,,,,,,,,,,,,84,SMALL COIN NECKLACE,"The Diamond Dusted Small Coin Necklace combines our two signature collections. Mixing texture and type, the small coin necklace was inspired by the design of ancient coins. Each letter is individually stamped by hand.

Diamond dusted is a texture carefully applied by hand, by striking the metal with the back, pointy side of a diamond. Creating a beautiful, subtly sparkly finish.

small coin - 3/4” diameter
16 & 18"" adjustable chain with s hook closure
Handmade in our Nashville, TN studio",0,2020-05-31 21:10:55.247,coin necklace,,0.0,24,0.0,214,518
38,46428,46428,0.5993,0.0206,,,0.0,,,134.0,-0.1027,-0.5791,58.0,,,,,,,,,,,,,,,,,,,,,,,,,,43,Extra Large Single Honeybee Wrap,"A great way to store celery, kale, spinach, and shallots. Also perfect for large salads and baked bread! The honeybee wrap keeps your food crisp and fresh for longer

1 x Extra Large Bees Wax  Wrap (45x40cm).

Waste-free, plastic-free, reusable, non-toxic, sustainable storage.

**You will received a mixture of the designs as shown on the images**",0,2020-05-31 14:00:45.42,beeswax wrap,,1.0,50,82.0,430,963
39,25321,25321,0.807,0.0191,,,0.0,,,206.0,-0.5236,0.3608,127.0,,,,37.0,,0.0,0.4082482900400046,0.0397470630705356,0.0,0.2935371962606204,,,,,,,1.0,0.0,0.0,,,,0.999496249855994,0.9996857402008732,0.9993309068731132,19,Haute Cocoa Dark Chocolate Body Scrub,"79.5% Organic Haute Cocoa Scrub covers the body in cocoa and feeds the skin. Chocoholics love this scrub. Made by hand, with love. A bestseller in the Winter!

Ingredients: Organic Honey Crystals (Dried Honey, Cane Juice and Molasses), Organic Cane Sugar, Organic Helianthus Annuus (Sunflower) Seed Oil, Cocos Nucifera (Coconut) Oil, Stearic Acid,  Theobroma Cacao (Cocoa) Powder, Polysorbate 20, Theobroma Cacao (Cocoa) Butter, Theobroma Cacao (Cocoa) Bean Oil",0,2020-05-31 17:18:48.672,body scrub,,0.0,48,13.0,1,293
40,27143,27143,0.1211,0.015,,,0.0,,,125.0,-0.1393,0.2169,68.0,,,,,,0.0,,0.0,0.0,,,,,,,,,,,,,,0.9990983917521064,0.8168550842287448,0.99925620908858,90,Miffy Baby Hat ,"The xl miffy amigurumi crochet kit is a simple and fun introduction to crafting toys. The miffy hat is knit in simple stocking stitch with embroidered details, this kit includes everything you need to create a fun and playful baby hat. The kit includes a pattern for sizes 0-24 months this entry-level amigurumi kit includes everything you need to create a nostalgic merino wool toy that can be cherished for generations.",0,2020-05-31 19:25:27.162,embroidery kit,,0.0,48,33.0,4,1216
41,37996,37996,0.3781,0.0473,0.5629,0.0773,0.0,85.0,,1954.0,4.2212,9.11,546.0,,,,,,0.0,,0.0,0.0,0.2725195096369658,,,,,,,,,,,,,0.9995302082963746,0.9994842311225852,0.9995670345704144,47,Woven Longline Tribal Kimono,"Woven Longline Tribal Kimono 
100% Polyester 
Immediate Shipping 
Made in China 
Packs of 6 

One Size Fits Most
Sizes 0-18
Length: 40 in
Bust Across: 36 in
Armhole: 11.5 in",0,2020-05-31 15:33:43.122,kimono,,0.0,24,0.0,674,787
42,20848,20848,1.0508,0.0172,,0.0298,0.0,,,940.0,2.1223,0.3636,725.0,,,,,,0.0,,0.0,0.0,,,,,,,,,,,,,,0.9998554737694436,,0.9998768097514666,52,Prosperity Bath Bomb,"Ingredients: Organic shea butter, organic coconut oil, non-gmo corn starch, citric acid, sodium bicarbonate, dead sea salt, organic botanicals, organic essential oils: Patchouli, Orange, Clove & Cinnamon, encasing a crystal charged under the full moon.

There is an abundance of energy which continually provides. Prosperity blooms in the asking. What is possible is suddenly renewed.

",0,2020-05-31 00:37:45.989,bath bombs,,0.0,48,13.0,697,1292
43,10076,10076,0.2363,0.0215,,,0.0,,,269.0,0.8228,0.0126,103.0,,,,,,0.1671855542808771,,0.0,0.1671855542808771,0.3573143344860955,169.0,11.0,53.0,,,,,,,,,,0.999936089665424,0.9999036081754584,0.999926813928885,59,TIE-DYE COTTON FASHION FACE MASK,"MADE IN USA
3 LAYERS COMFORTABLE TIE-DYE COTTON FASHION FACE MASK
WASHABLE, REUSABLE CLOTH
ADJUSTABLE EAR HOLDERS
LOADING POCKET FOR FILTERS INSIDE
FREE SIZE  : TEENS TO ADULT
COLOR : SKY BLUE

***These masks are three layers with an optional filter slot, which offers more protection. These are not N95 respirator masks or surgical masks and should not be used at hospitals or healthcare as personal protective equipment. These mask were made for the public for protection and to help prevent the sp",0,2020-05-31 22:44:03.45,tie dye,,16.0,24,393.0,234,1073
44,20540,20540,0.104,0.0201,,,0.0,,,57.0,-0.0643,-0.3458,37.0,,,,,,0.0,,0.0,0.0,0.2522423661182268,,,,,,,,,,,,,0.9998002582155054,0.9996599610262576,0.999824228188724,18,Sky Blue Strainer Shaker33,"The Cocktail Shaker has remained relatively unchanged for the last 100 years so we decided to shake things up with a modern, sophisticated and patented design that is the new standard for cocktail shakers. Let your personality shine by adding a pop of blue to your bar or favorite tailgate party. ***Leak Proof – Locking top eliminates leaks and spills ***Easy to Open – Lightweight & shatterproof material never freezes together, ***Smooth Pouring – Integrated strainer to easily serve a crowd
",0,2020-05-31 17:06:49.398,shatterproof,"[""category:home_living|kitchen_tabletop""]",4.0,50,246.0,258,72
45,430,430,0.7622,0.0248,,,0.0,,,300.0,-0.2435,-0.3153,130.0,,,,,,,,,,,,,,,,,,,,,,,,,,81,SUNSHINE Roller Perfume,"Our SUNSHINE Perfume is scented with a blend of bright bergamot and sunny, fresh citrus.

Made in small batches on cape Cod, our roller perfumes are created with simple, natural ingredients and are phthalate free.  Our fragrances are designed to be light and subtle, not overpowering and strong like commercial fragrances. Glass bottle with stainless roller-ball and matte silver cap.  

INGREDIENTS:
Fractionated Coconut Oil and our own proprietary fragrance oil blends.

.33 fl oz / 10 ml ",0,2020-05-31 02:10:28.524,natural perfume,,0.0,50,13.0,620,752
46,39654,39654,0.2185,0.0193,,0.0127,0.0,,,628.0,-0.206,-1.0812,88.0,,110.0,,,,0.0,,0.0,0.0,0.3214471634519676,119.0,11.0,48.0,,,,,,,,,,0.9997598006008116,0.9995502298083214,0.999862381482616,31,RDJ1107-White,"Relaxed fit white jacket with a hood.
(Hood is detachable). 

Small, medium and large sizes available in ratio 2:2:2 = 6 pieces per pack

Model height 5'9, bust 34"", waist 24"", hips 34"".

100% cotton.",0,2020-05-31 12:52:47.262,risen jeans,,0.0,24,0.0,331,832
47,30518,30518,0.1551,0.0095,,,0.0,,,224.0,-0.2744,-2.2416,246.0,,,,,,,,,,,,,,,,,,,,,,,,,,37,Tie Dye Swaddles Set,"Gorgeous pastel hues in tie-dye perfection, these soft, breathable muslin swaddles are sure to be your most loved baby essential! Each piece is hand-made individually, so the natural variation is part of its beauty. Pack of three swaddles, made of breathable cotton muslin. Light, open weave of muslin avoids the risk of overheating. Doubles up as a stroller cover, nursing cover, burp cloth or a light blanket.",0,2020-05-31 22:46:46.095,tie dye,,11.0,24,288.0,288,134
48,15022,15022,0.6867,0.0427,,,0.0,,,248.0,0.7134,4.5398,109.0,,,,,,,,,,,,,,,,,,,,,,,,,,48,Dish Soap Bulk - 5 gallon bulk,"This lovely, biodegradable and earth-friendly liquid get the dirty dishes done while being kind to your skin. To make sure of that, we added a healthy dollop of vegetable glycerin as an extra treat for your hands.
5 Gallon ",0,2020-05-31 14:40:38.358,biodegradable,,3.0,24,77.0,172,240
49,50136,50136,0.2483,0.0098,,,0.0,,,124.0,-0.2219,-0.1769,107.0,,,,,,,,,,,,,,,,,,,,,,,,,,11,Dark Gray Reusable Cloth Face Mask with Flag (Pack of 2),"A general-use, mask constructed with two layers of breathable fabric to protect yourself and others in comfort and style. Two elastic bands at the sides. Constructed from 100% polyester. Machine-washable and water-resistant. These masks are not FDA-cleared. Please note these are not a replacement for medical grade N95 masks or PPE, but are meant for general public use. Masks do not replace or reduce the necessity to practice social distancing in the fight against COVID-19. Soft and comfortable.",0,2020-05-31 05:12:40.345,covid 19,,11.0,50,558.0,542,777
50,428,428,0.4453,0.0159,,,0.0,,,210.0,-0.2218,0.8237,124.0,,,,,,0.0,,0.0,0.0,0.2526845724286459,,,,,,,,,,,,,0.9994818557047308,0.9993162778025813,0.9994612259118308,43,KENTUCKY Shatterproof Wine Glasses,"16 oz. Shatterproof Stemless Wine Tumbler - Made with the highest quality, crystal clear, BPA-free PET polymer – Heavyweight – Recyclable – Reusable – Hand Wash Only

Our 4-pack is packaged in eye-catching color-coordinating mesh bags tied with a wine cork (dress patent pending on the packaging).

Our 2-pack is packaged in a fun and creative custom window gable box.
",0,2020-05-31 16:54:37.669,shatterproof,,0.0,50,21.0,258,450
51,48869,48869,0.3025,0.0088,,,0.0,,,305.0,-0.4676,-1.4309,193.0,,,,,,0.0,,0.0,0.0,,,,,,,,,,,,,,0.9992802166880408,0.9995920958207628,0.9992733161793602,6,Silver Pure Metal Hair Tie & Bracelet Set,"Everlasting Collection - aka spiral, coil , telephone cord hair ties.

A versatile hair band accessory for spring - summer - fall - winter!

Wear your hair up in a bun or ponytail or worn as a layered bracelet on your wrist. 

Good up-sell item. 

High sell through rate - women's favorite.

2020 best selling combos available to fit any occasion. 
(pool parties, concert festivals + raves - Coachella, dance recitals, gym - fitness, wedding, banquet, yoga)

Eco-friendly and biodegradable material.",0,2020-05-31 19:54:04.412,tile bracelets,,0.0,50,13.0,39,717
52,28855,28855,0.4599,0.0032,,,0.0,,,32.0,-0.0089,-0.0492,5.0,,,,,,,,,,,,,,,,,,,,,,,,,,97,SP706 Swole Panda Bamboo Scarf,"All of our luxury scarves are finely knitted from sustainably sourced Moso bamboo. Softer than cashmere, we guarantee that our bamboo scarves are the softest and most comfortable on the market.
Size: 30 x 180cm.
Fringed trims.
100% luxuriously soft bamboo viscose.
Do not tumble dry.",0,2020-05-31 02:48:04.651,bamboo scarves,,0.0,48,38.0,298,1336
53,24783,24783,0.4162,0.0033,,,0.0,,,228.0,0.8288,2.0566,114.0,,,,,,0.0,,0.0,0.0,0.2616302366218959,,,37.0,,,,,,,,,,0.9996052996690196,0.9997023627926532,0.9995014692399674,79,Lit AF Flask,"Our outrageously honest flasks make a great gift for friends, family, or co-workers and are a great addition to any bar collection! Stash them in your bag or pocket whenever you want a drink to go!
Handwash Only. BPA-Free. FDA Approved. California Proposition 65 Certified.
Capacity: 6oz.
Material: Stainless Steel.
Packaging: 1 piece box and 3 piece mother box.
",0,2020-05-31 02:09:36.309,flask,,1.0,48,80.0,517,80
54,8901,8901,0.3992,0.0086999999999999,,,0.0,,,66.0,-0.0763999999999999,-0.4032,40.0,,,,,,,,,,,,,,,,,,,,,,,,,,83,Glitter Silver Flat Chargers - Set Of Four,"Defined and personable, these metallic chargers add flair to every meal. It has a flat surface to capture the modern feel of finesse. Silver is the color that always fits in well. Whether you're vying for a more elegant decor or rather a simpler setting, these metallic chargers will service you just right. Comes in a set of four. -Dimensions - 13""D.",0,2020-05-31 01:33:27.768,classic touch,,7.0,48,339.0,284,99
55,40186,40186,0.3137,0.0058,,,0.0,,,201.0,-0.1493,-0.8116,82.0,,,,,,0.1441469490528106,,0.0,0.1441469490528106,0.3438763951428634,,,,,,,,,,,,,0.9998359883651392,0.9998184695970516,0.9997865986212958,28,Men's Stainless Steel Dice Design Cufflinks,"These Cufflinks are exclusively handmade and composed of 100% stainless steel. Made in Turkey. Each Cufflink has been expertly designed, cut, crafted & pressed. These Amedeo Exclusive Cufflinks will add sleek luxury style to your tailored profile. Top quality interlining makes our cufflinks heavy weighted and flawlessly crafted, which are cleverly designed to be a perfect fit for your favourite French cuff shirts. It comes with package in Amedeo Gift Box.",0,2020-05-31 23:42:25.439,tie dye,,53.0,24,1291.0,234,150
56,15049,15049,0.6749,0.0339,,0.0399,0.0,,,501.0,0.8224,5.0715,81.0,,,,,,0.0,,0.0,0.0,0.2494230083129138,,,,,,,,,,,,,0.9996755402660448,0.9997028677892696,0.9996443725868802,1,Koby Bag | Dopp Kit,"The KOBY Bag is the newest arrival of the Tooletries Brand. Made from 100% silicone, it is leak resistant, easy to clean and features a heavy duty zipper and rubber overmolded pull zip. Generous in size, the KOBY has ample room to store even the largest of toiletry items such as shampoos and shave cream bottles. Measures 10in x 6in x 6in and weighs 0.6lb. ",0,2020-05-31 21:49:51.523,men’s travel bag,,0.0,48,35.0,563,1093
57,28137,28137,0.4144,0.0241,,,0.0,,,205.0,2.8956,2.4677,50.0,,,,,,0.0,,0.0,0.0,0.4164515859413365,,,,,,,,,,,,,0.9995138146589838,0.9993532977972848,0.9994178019789433,91,"English Garden Porcelain Teapot 2 Cups Set, Gold","Our durable high-fired porcelain English Garden Tea Set includes everything you need to steep up your favorite tea. This set is both elegant and practical. Our English Garden Tea Set is conveniently paired with delightful matching cups and saucers, perfect for afternoon tea with a biscuit! Our dainty English Garden Tea Set has an elegant gold leaf detail and lovely floral design that is altogether beautiful and feminine. 
- Included Teapot 34oz, 2 cups 8oz and 2 saucers",0,2020-05-31 20:23:44.454,gold flatware,,0.0,48,11.0,118,297
58,53390,34227,0.2228,0.0094,,,0.0,,,85.0,-0.0373,-0.2215,22.0,,,,,,,,,,,,,,,,,,,,,,,,,,79,Vagnbys® Champagne Pourer,"The Vagnbys® Champagne Pourer ensures controlled pouring, minimal loss of precious champagne bubbles and a perfect no-drip edge.",0,2020-05-31 03:33:33.395,wine pourer,,0.0,24,0.0,14,855
59,26222,26222,0.3576,0.0118,,,0.0,,,223.0,-0.3159,-0.8152,194.0,,,,,,0.0,,0.0,0.0,0.2044522755967399,,,,,,,,,,,,,0.9992654821674068,0.9992478605617736,0.9991514909521028,53,Metallic Scrunchie,"Dress that pony up with a little tinsel magic! Our metallic scrunchies are a must-have for any outfit, fancy or not. Wear it for a special occasion or gift it to your favorite girl! You can also pair it with our metallic headbands. 

Available in gold, silver, or rainbow. 
Handmade with love.
One scrunchie per order.
",0,2020-05-31 19:26:39.862,hair scrunchie,,3.0,24,74.0,247,886
60,3079,3079,1.0068,0.0132,,0.0129,0.0,,,465.0,-0.7791,1.4441,456.0,,,,,,0.0,,0.0,0.0101757198572158,0.1553262491123238,150.0,117.0,150.0,,,,,,,,,,0.9995990690112884,0.9996727476769284,0.999743411119606,8,Energy Candle,"White Tea. USA-grown soy wax with essential oils. 60+ hour burn time.
8 oz.",0,2020-05-31 14:36:37.469,candle,,3.0,48,159.0,362,920
61,29708,29708,0.8459999999999998,0.0215,,,0.0,,,240.0,0.7698,0.7433999999999998,140.0,,136.0,,,,0.0,,0.0,0.0,0.191138365762549,,12.0,33.0,,,,,,,,,,0.8568482530421382,0.8457564565699472,0.849585957691617,83,Being Awesome Father's Day Card,"Dad, everything I know about being awesome, I learned from you. (Don't tell Mom.) Single A2 size (4.25 x 5.5-inches) greeting card with matching kraft envelope. Blank inside. Offset printed in California with eco-friendly vegetable inks on heavyweight matte stock.",0,2020-05-31 19:22:13.674,father's day cards,,0.0,48,28.0,702,1291
62,47304,47304,0.9059,0.033,,,0.0,,,377.0,-0.7753,0.2389,172.0,,,,,,0.0,,0.0,0.0,0.1920460877387653,,,,,,,,,,,,,0.9992142025786684,0.9992142025786684,0.9995016057297796,53,Simple Plan Weekly Planner Notebook,"A weekly planner plus a lined notebook - the best of both worlds! Plan your week out on the left spread and jot down notes on the right spread. Paired with gorgeous letterpress printing on the cover and this planner journal is a must have. Keep it simple and organized when life feels chaotic.

Additional Details : 
-5.25”x8”
-60 Interior Pages
-Uncoated Vellum 70# Text Off-White Interior Paper
-Gold Wire-O Binding
-Locally Made in Lawrence, KS
-Clear Cello Sleeves are Available Upon Request",0,2020-05-31 17:52:20.339,truff,,0.0,48,23.0,354,922
63,48996,48996,0.9028,0.038,,0.0765,0.0,,,1007.0,1.4071,15.8361,311.0,,,,,,0.0,,0.0,0.0,0.2309508289265798,,,32.0,,,,,,,,,,0.9998399320041068,0.9998988030547132,0.9997466353092724,75,Unisex Face Mask 3221-Mina,"Very shiny Mesh Silver Sequin Mask

***SIZE 7.5X4.5"" (It is smaller in size than conventional products.
It is very suitable for ladies.)

-3 Layers

-Face Protections, Anti-dust Cute Mouth Face Mouth Protect 

-Reusable Comfy Breathable Safety Air Fog Outdoor Fashion Half Face Face Protections  

-for Man and Woman

-88% nylon 9% metallic 5% Span

-Made in USA

Each 10 Piece Pack includes

These masks are not FDA Approved. Please note these are not a replacement for medical-grade N95 masks or PP",0,2020-05-31 00:26:10.968,rk apparel,,10.0,50,533.0,187,680
64,27906,27906,0.2527,0.0224,,,0.0,,,34.0,-0.0185,-0.0911,10.0,,,,,,0.0,,0.0,0.0,0.2256703045162668,,,,,,,,,,,,,0.99967594597543,0.9995178362460022,0.9996423692138132,47,Rainbow Moonstone Double Band Cuff Bracelet,"    2- 5mm round cabochon rainbow moonstone
    925 sterling silver
    100% handcrafted

",0,2020-05-31 12:02:38.443,rainbow bracelet,,0.0,48,31.0,6,1235
65,12360,12360,0.4688,0.0112,,,0.0,,,147.0,-0.2615,-1.4753,161.0,,,,,,0.0,,0.0,0.0,0.4317180278874088,,,,,,,,,,,,,0.999796509045238,0.9996331029071228,0.9997910334132464,2,11'' x 14'' Hang In There Cat Paint By Number Style Print,THIS IS NOT A PAINT BY NUMBER KIT. This is a finished ready-to-frame print is created in the wonderful paint by number style. It is not a paint by number kit. This high-quality print measures 11 x 14 inches. The frame is not included. There is no need for custom framing. Premade frames are easy to find for this standard size. The print ships sealed in a clear cello bag along with a sturdy backer board,0,2020-05-31 03:40:50.746,paint by number,,0.0,50,30.0,93,508
66,2271,2271,0.4084,0.0169,,0.0281,0.0,,,998.0,1.5518999999999998,2.6067,196.0,6.0,6.0,,1.0,,0.0,0.4472135933674776,0.0239234454929828,0.0,0.3417835106930545,,26.0,,,,,3.0,3.0,3.0,1.0,1.0,1.0,0.999606556361704,,0.9995768627846392,74,Cape Cod Mandala Kimono,"Kick back and relax in our Cape Cod Mandala Kimono. Wear with a pair of skinnies and heels for a night out, cutoffs and a crop top at the beach, or throw it on over your bikini for a little extra protection from the sun! 

Details & Care:

Cotton/Rayon Blend

Machine Wash on Delicate, hang dry, low iron

Color: Navy Blue, Cream

Sizing details:

***One Size Fits Most! (S to 3X)***

Front/Back Length: 32""

Bust Size- 44""

Kimono falls mid thigh in back, to mid knee in front on the side",0,2020-05-31 22:55:36.647,lotus and luna,,0.0,48,42.0,338,172
67,52429,52429,0.4605,0.006,,,0.0,,,23.0,-0.005,-0.0302,4.0,,,,,,,,,,,,,,,,,,,,,,,,,,66,Salvimar Shaft - 6.5mm x 75cm Notched Threaded,"Hydrodynamic traditional double notched 6.5mm tahitian shaft with
threaded tip for mounting flopper tips and prongs. Made from 17-4ph hardened stainless steel. 75cm Notched Threaded Shaft.",0,2020-05-31 00:16:05.429,knitting,,0.0,48,11.0,216,275
68,18682,18682,0.145,0.0021,,,0.0,,,8.0,-0.012,0.937,7.0,,,,,,,,,,,,,,,,,,,,,,,,,,24,Nutcracker Mother Ginger Art Print- SMALL,"The Nutcracker Ballet ""Mother Ginger"" art print from original LOinLONDON® illustration.
SIZE OPTIONS:
5"" x 7"" ART - 8"" x 10"" MAT.
8"" x 10"" ART - 11"" x 14"" MAT.
MAT COLOR: white.
PRINTING: flat printed in colored ink.
PAPER: printed on pearlized card stock and paired with a white mat.",0,2020-05-31 04:52:14.808,nutcracker,,6.0,24,145.0,169,224
69,12906,12906,0.0,0.0054,,,0.0,,,30.0,-0.0138,-0.0768999999999999,7.0,,,,,,0.0,,0.0,0.0,0.3394841877618421,,,,,,,,,,,,,0.9994408566862688,0.9992487081384694,0.9994496055243816,60,Mini Strawberry Earrings,Hand beaded & sequined mini strawberries on felt made from 100% recycled plastic bottles. Sterling Silver Posts. Size:  2 x 3cm.,0,2020-05-31 13:41:22.919,beaded felt earrings,,0.0,24,0.0,567,1172
70,37423,37423,0.0865,0.0008,,,0.0,,,136.0,-0.2703,-0.51,148.0,,,,,,0.0,0.3947710226576053,0.0571428583934903,0.0,0.2105476179325292,,,,,,,,,,,,,0.9995164773916267,0.999112029539162,0.9997941781864396,84,Rockin' Dad Father's Day Card,"This Father's Day card, featuring an illustration of a Gibson Les Paul Classic electric guitar, is perfect for any dad that rocks your life.

With hand lettering by Lauren Kenney.",0,2020-05-31 14:55:25.392,father's day cards,,1.0,48,53.0,262,127
71,25263,25263,0.3576,0.0114,,,0.0,,,133.0,-0.1127,-0.5648,40.0,,,,,,0.0,,0.0,0.0,0.2845998205721362,,,,,,,,,,,,,0.9997226736589554,0.9995612871360594,0.9994075836202652,99,Bucket Backpack - Bowtie // Geometric Print Bag,"Great for work, travel, or just as an every-day carry-all, the Bucket Backpack is large enough to carry a 13"" Macbook. Like all our products, these backpacks are made with 100% vegan materials. This bucket backpack is made with our in-house printed bowtie design. This screenprinted panel is complemented by pecan brown waxed canvas (front and back) and is fully lined with canvas. Closes with a zipper and has one interior pocket. Measures 14 in x 14 in and has two adjustable backpack straps.",0,2020-05-31 23:59:02.466,buckets,,0.0,48,35.0,667,252
72,42173,42173,1.0183,0.0235,,,0.0,,,280.0,0.7390000000000001,1.6599,115.0,57.0,,57.0,57.0,0.0079,0.0,,0.0,0.0,0.2381434475455013,126.0,,47.0,1.0,0.0,0.0,1.0,0.0,0.0,11.0,0.0,0.0,0.9998566875952484,0.9998493100266188,0.9997622719081324,22,"Garden Herb Notepad, Daily To Do","Our garden herb notepad is great for those daily to-dos?, farmer market lists or daydreams.

- 4” x 9” notepad
- 55 Sheets of speckled, creamy paper
- Heavyweight paper, perfect for sharpies
- Printed with soy inks in Michigan
- Recycled paper milled in Michigan from 100% post-consumer waste using hydroelectric energy",0,2020-05-31 00:14:36.485,june december,,0.0,50,26.0,193,337
73,28303,28303,0.2016,0.0219,,,0.0,,,167.0,-0.1387,0.3115,47.0,,,,,,,,,,,,,,,,,,,,,,,,,,15,Bamboo 4 Layer Muslin Softest Quilt,"Softest Baby Toddler Blanket. Ours bamboo baby toddler muslin blankets are crafted from the highest quality bamboo and cotton fiber, hypoallergenic and antibacterial, gentle on sensitive skin. Sized extra-large 47x 47 in (120 cm x 120 cm)",0,2020-05-31 00:05:55.03,cotton baby blanket,,12.0,24,296.0,617,827
74,27922,27922,0.2766,0.0238,,0.0039,0.0,,,508.0,0.0611,-3.3771,579.0,,,,,,0.0,,0.0,0.0,0.1906548023721228,,,,,,,,,,,,,0.999890340710748,0.9998786811657407,0.9997980140472597,41,Father's Day Shit In Peace Greeting Card,"Perfect for: dads who just need a god damn moment, toilet video game players, those who are constipated

Sized 4.25"" x 5.5"" / Blank inside.
Printed on FSC-certified 100lb uncoated stock.
Recycled brown kraft envelope.
Envelope sticker.
Packaged in a cellophane bag.",0,2020-05-31 00:18:38.227,father's day,,1.0,48,59.0,17,1282
75,34351,34351,0.5256,0.02,,,0.0,,,214.0,-0.2709,-1.4545,144.0,,,,,,,,,,,,,,,,,,,,,,,,,,86,Beeswax Wrap Bag - Large Pack of 3,"These beeswax wrap bags are 14"" x 11"" and available in blue, green, orange, grey or a random selection.
Reusable, biodegradable, responsible. Beebagz are 100% natural and a safer, convenient option to plastic for all your family's food storage needs. This size really shines for storing broccoli, kale, spinach or other leafy greens. Fresh baked bread lasts for days. These beeswax wrap bags are the perfect choice for keeping food fresher tasting, longer than plastic wraps or zipper locked bags.",0,2020-05-31 14:06:41.223,beeswax wrap,,0.0,50,26.0,430,53
76,26067,26067,0.3096,0.0107,,,0.0,,,132.0,-0.3015,-1.6012,133.0,,,,,,0.0,,0.0,0.0,0.4632717653116224,,,,,,,,,,,,,0.9998448384642734,0.9998592356623026,0.9997324040124018,35,Lip Scrub Blueberry,"Eliminates dry, flaky skin to leave lips deliciously soft and supple. Fine sugar crystals and real blueberries blended together with Jojoba and Argan oil to create the most luxurious lip scrub. 

Flavor: Blueberry

INSTRUCTIONS FOR USE: 
Apply a small amount with fingers, delicately exfoliating lips using circular motions. Wipe off with a damp cloth. Follow up with SOS Lip Salve.

SIZE:
0.4oz/10g",0,2020-05-31 00:58:31.265,crystal soap,,6.0,24,155.0,747,495
77,52874,14197,0.4776,0.0058,,,0.0,,,17.0,-0.0036,-0.0209,4.0,80.0,,,,,0.0,,0.0,0.0,,,,,,,,,,,1.0,0.0,0.0,0.9999156286540676,,0.9998843735449616,95,TLK1382 - No Place Like Home,"No Place Like Home, 16"" x 1.5"" x .5"" Talking Stick, TLK1382",0,2020-05-31 04:48:18.786,no place like home,,3.0,24,75.0,750,398
78,35556,35556,0.0865,0.0397,,,0.0,,,262.0,-0.0707,0.6532,42.0,,,,,,,,,,,,,,,,,,,,,,,,,,25,70055,"Imported.
Sold in pack of 6.
Sizes: 3S, 2M, 1L.",0,2020-05-31 02:54:17.501,romper,"[""category:women""]",1.0,48,93.0,438,1393
79,51079,51079,0.5911,0.0144,,0.0148,0.0,,,610.0,-0.542,-0.6768,352.0,,,,,,,,,,,,,,,,,,,,,,,,,,49,Letterboard Frame,"New parents are always looking for unique ways to showcase baby photos and baby milestones, and the Kate & Milo Baby’s Letterboard Frame gives them a way to do just that.  This rustic nursery decor piece invites a touch of farmhouse fun chic that is so on trend and makes a fantastic photo prop for Instagram. Includes 170 letters, numbers, and symbols designed for any and every photo moment an adorable kiddy can have. Dimensions: 14” W x 9” H x 1.5” D // photo insert 3.75” W x 5.5” H
",0,2020-05-31 17:51:46.327,frame,,5.0,24,125.0,684,599
80,1780,1780,0.1135,0.0255,,,0.0,,,247.0,-0.6099,0.978,204.0,,,,,,0.0,,0.0,0.0,0.3150470470672961,,,,,,,,,,,,,0.9995296195030248,0.9994067655436368,0.9994137230533496,97,Rise Bralette,"Racer bralette with Adjustable Straps. Single Layer. Perfect to wear under BS0808. Single Layer 
Pre-pack- 6 per style/color.",1,2020-05-31 01:53:59.971,bralette,,0.0,48,9.0,337,606
81,43587,43587,0.3776,0.0481,,0.0718,0.0,,,571.0,0.4875,3.4294,163.0,,,,,,0.0,,0.0,0.0,,,,,,,,,,,,,,,,-0.3408138319388175,83,Mini Macrame Fan Earrings,"These handmade Boho style, macrame earrings are such a fashion statement! They are made of 100% cotton cord on gold or silver hoops. They are great for dressing up or dressing down any outfit. These are the smaller version of the Macrame Fan Earrings. 

Drop Length around .5 inches, are about 1 inch wide, and nickel free! 


5% of all Likewoah Handmade sales are donated to Planned Parenthood",0,2020-05-31 06:11:52.976,macrame earrings,,0.0,24,0.0,41,86
82,42706,42706,0.4638,0.0252,,0.0428,0.0,,,1263.0,0.5798,7.7751,671.0,34.0,,,31.0,0.0517,0.0,,0.0,0.0,0.316195025728838,638.0,22.0,273.0,,,,33.0,0.0,0.0,11.0,0.0,0.0,0.999050982553428,0.99961428536109,0.9991840533320414,93,Ceramic Unicorn Pot - Set Of 2,"Decorate your home or office with the whimsical presence of our White Ceramic Unicorn planter Set of Two. Hand-crafted by Artisans using superior ceramic material, these unicorn planters give a clean and chic feel to any tabletop, entry way, or window sill. Made of Ceramic and White paint, this 6.5” x 3.5” x 5.375” indoor planter will add a bit of magic to your living space. The perfect planter for planting small succulents, and indoor house plants. ",0,2020-05-31 18:39:45.527,flora bunda,,0.0,48,7.0,129,1167
83,20288,20288,0.2194,0.0038,,,0.0,,,28.0,-0.0391,-0.2147,17.0,,,,,,0.0,,0.0,0.0,0.2837150749276268,,,,,,,,,,,,,0.9998762285667632,0.9998464734069687,0.9997423105777008,36,Acacia Statement Necklace,"Statement 'Acacia' necklace:

- made from lightweight and eco-friendly bamboo
- on antique bronze in 20in (51cm) chain 
- dimensions: 4.3in x 1.6in (11cm x 4 cm)

We plant a tree for every order sold. ",0,2020-05-31 13:51:50.038,acacia,,0.0,50,25.0,152,1457
84,23430,23430,0.2894,0.013,,,0.0,,,181.0,-0.5317,-1.7703,226.0,,,,,,0.0,,0.0,0.0,,,,,,,,,,,,,,0.9997663171622294,0.9998757309585788,0.9998666932185823,44,Essential Oil Bottle Opener Tool,"Uncap and reseal essential oil bottles with this handy essential oil bottle opener tool. This versatile, easy-to-use accessory can be used for both rollerball and orifice reducer. No need to struggle with your fingernails, knife, or other devices when refilling your bottles. ",0,2020-05-31 20:13:33.54,bottle openers,,0.0,48,19.0,397,294
85,51505,51505,0.2442,0.0105,,,0.0,,,71.0,-0.07,-0.3784,34.0,,,,4.0,,0.0,,0.0,0.0,0.2449797938840141,,34.0,37.0,,,,1.0,1.0,1.0,,,,0.9996063890620648,0.9996779590884955,0.9993638439625668,19,Peace Dove,100lb heavyweight card stock. Foil. 4.25 x 5.5 inches. Illustrated by Blanca Gómez.,0,2020-05-31 16:02:55.323,red cap,,0.0,50,39.0,227,490
86,13325,13325,0.067,0.0148,,,0.0,,,92.0,-0.0591,-0.3215,32.0,,,,,,0.0,0.0,0.0,0.0,0.2068476560407519,,,,,,,,,,,,,0.9998768042072932,0.9997084604051468,0.999738846212856,94,Shave Cream,"Our formula is designed to provide a thick slathering cream that keeps the skin hydrated during shaving, as well as keeping your skin protected & healthy.",0,2020-05-31 21:11:13.446,apothecary,,0.0,48,5.0,64,36
87,44578,44578,0.3122,0.0172,,,0.0,,,162.0,-0.0627,-0.3411,34.0,,,,51.0,,0.0,0.5898417740785772,0.1385869570076465,0.0,0.187217887414232,,,,,,,2.0,0.0,0.0,,,,0.9998858995804768,,0.9998646822357614,28,Off Grid 2-Tone Cap,"OFF GRID Unisex 2-Tone Cap (Khaki/Charcoal vintage wash) with an adjustable copper clasp for all sizes.  For the wanderers, seekers and explorers.",0,2020-05-31 00:47:08.412,vintage hats,,0.0,48,41.0,721,263
88,37679,37679,0.4119,0.0082,,,0.0,,,91.0,-0.1331,-0.7197,65.0,,,,,,0.0,,0.0,0.0,0.3716052526110868,,,,,,,,,,,,,0.7294995360458058,0.7259695856659838,0.7330233952416791,55,Banana Nut Bread Soy Candle,"The mouth-watering aroma of oven fresh banana bread. This delicious combination of walnuts, ripe banana, vanilla, and a touch of spice is sure to spark your appetite.
16 oz reusable mason jar burns approx. 80 hours.",0,2020-05-31 07:25:13.546,spicy shark,,0.0,50,35.0,356,328
89,43723,43723,0.7045,0.0108,,,0.0,,,85.0,-0.209,-1.0772,77.0,,,,,,0.0,,0.0,0.0,0.2751331826485273,,,,,,,,,,,,,0.999691177402484,0.9996718185984108,0.9997029559540308,24,Crazy Cat Lady Pillow/ Insert,"A fun pillow cover with a cute saying! Finely crafted with a hidden sipper for easy cleaning. 100% Polyester/Linen Look. Insert Included.
12"" x 12""
Minimum Order Qty: 2",0,2020-05-31 00:32:00.178,pillow inserts,,0.0,50,13.0,277,136
90,50746,50746,0.157,0.0042,,,0.0,,,42.0,-0.0286,-0.1444,16.0,,,,,,0.0,0.4472135971659584,0.0277777779847383,0.0,0.2892008841336121,,,,,,,,,,,,,0.9997373738564308,0.9997477655596884,0.998738469831136,83,Brighten Jojoba Color Corrector,"Brighten has a soft pink tint, and light-diffusing minerals that work to camouflage dark under-eye circles. This powder is creamy and buildable so that you can use only as much as you truly need.",0,2020-05-31 22:26:41.757,eye tint,,0.0,10,0.0,762,745
91,6299,6299,0.8609,0.0129,,,0.0,,,325.0,1.4167,2.8868,239.0,,,,,,0.0,,0.0,0.0,,,,,,,,,,,,,,0.9998105538519833,0.99991950275476,0.99968108547846,32,Tetrahedron Sphere Holder Crystal Grid,"This is a Tetrahedron Sphere Holder Crystal Grid made out of birch wood. These are made to order. You may choose between  8, 10 or 12 inches in diameter. All grids are  1/4 inch thick. Crystal grid and healing sets are groups of stones that go together for a purpose. You may choose just a center hole or all the holes as shown in the 2nd picture.  

Sphere holders allow you to set spheres on the crystal grids. Stones not included.",0,2020-05-31 14:20:09.781,crystal grids,,0.0,50,11.0,768,506
92,44392,44392,0.1671,0.0116,,0.0109,0.0,,,460.0,-0.5691,0.889,306.0,34.0,,,31.0,0.0517,0.0,,0.0,0.0,0.316195025728838,638.0,22.0,273.0,,,,33.0,0.0,0.0,11.0,0.0,0.0,0.999050982553428,0.99961428536109,0.9991840533320414,9,Artificial Succulent in ROUND COOL FACE CERAMIC,"Decorate your home or office with our charming White Round Cool Face Succulent planters. Hand-crafted by Artisans using superior ceramic material, these Cool Face planters give a clean and chic feel to any tabletop, entry way, or window sill. Made of Ceramic and White paint, this 4"" x 4"" x 4” indoor planter will add a bit of charm to your living space. Faux succulents are included, so you never have to worry about watering real plants again! Beauty without the pain of caring for real plants. ",0,2020-05-31 18:39:45.527,flora bunda,,0.0,48,23.0,129,1167
93,41430,41430,0.2508,0.0086999999999999,,,0.0,,,53.0,-0.0473,-0.2398,16.0,1.0,,,1.0,,0.0,0.0,0.0,0.0007868439424782,0.1972958370559169,,11.0,,,,,1.0,1.0,1.0,8.0,8.0,8.0,0.9998590773721688,0.9998408541777888,0.9998821366292608,72,Fern Green Solid Pillow,"Fern Green Solid Linen Pillow
Available in 4 Sizes~ 13"" x 19"", 20"" x 20"", 15"" x 23"", 25"" x 28""
Knife Edge and Corded Finish 
Feather Down Fill
Hidden Zipper in Back

Looks great with the Fern Print Pillows!",1,2020-05-31 00:58:25.829,oxbow,,8.0,24,193.0,109,577
94,19286,19286,0.1189,0.016,,,0.0,,,316.0,-0.2068,-1.0435,57.0,,,,,,0.0,0.1054092547499259,0.0056818183511495,0.0,0.3296819789098154,,,,,,,,,,,,,0.9989373245073476,0.999180572078072,0.9989535816703624,43,Women's Marlowe Dress,"Color: black. The marlowe dress is the perfect effortless day dress in classic black. Designed with a busy mama lifestyle in mind, we added the perfect amount of ease for movement and comfort. Just slip it on and you're good to go!",0,2020-05-31 03:24:04.239,womens dresses,,0.0,48,4.0,722,174
95,30637,30637,0.172,0.011,,,0.0,,,166.0,-0.2616,-1.3376,90.0,,,,,,0.0,,0.0,0.0,0.2878824487080037,,,,,,,,,,,,,0.9530942343915008,0.9529521192627765,0.9524148421451086,54,Don't Stop Believing - Girl's Tee,"This listing is for 2 Girl's Tees.

These tees are Next Level Apparel CVC, comfortable, they are fitted and run a size small.

Material: 60/40% combed ring-spun cotton/poly jersey short sleeve crewneck tee.

Youth Sizes: XS (4/5 lilac:3/4), S (6/6x), M (7/8), L (10/12), XL(14/16).

All our shirts feature our original designs and we screen print them by hand in using eco-friendly inks in our Asheville, NC Studio.

Keywords: funny, t-shirt, kids, bigfoot, sassquatch, mountains, inspirational, ",0,2020-05-31 00:53:09.857,mountain kids,,0.0,10,0.0,579,32
96,35478,35478,0.471,0.003,,,0.0,,,42.0,-0.0504,-0.271,30.0,,,,,,,,,,,,,,,,,,,,,,,,,,55,"Hike Like a Girl - Hiking Boot 102448 (Vinyl Die-cut Sticker, Indoor/Outdoor)","Small size (4x4 overall, sticker approx. 3.5x3.5 inches) & Large size (4x6 overall, sticker approx. 3.5x3.5 inches)      |     Waterproof for indoor & outdoor use     |     UV Resistant, will not fade     |     Permanent, they will stay where you put them     |     Eco-friendly, sourced responsibly and planet friendly     |     100% Made in America, quick lead time and supporting domestic production     |     We guarantee color accuracy, durable imaging, and the highest print resolution available.",0,2020-05-31 03:15:17.667,hiking,,0.0,24,0.0,283,1417
97,31480,31480,0.6888,0.0177,,,0.0,,,159.0,-0.0936,-0.4529,30.0,,,,,,0.0,,0.0,0.0,0.3077187388691441,,,,,,,,,,,,,0.5966912387856897,0.5956703335070705,0.5897081116374648,18,Mermaid Shell (2.8oz),Mix in holographic purple glitter with glow in the dark flowers suspended in a clear base.  Unicorn keychain blacklight included.,0,2020-05-31 03:34:09.823,mermaid slime,,0.0,50,4.0,428,1381
98,48464,48464,,,,,0.0,,,8.0,-0.0093,-0.0543,7.0,,,,,,0.0,,0.0,0.0,0.2620222479151288,,,,,,,,,,,,,0.9998131945557396,0.9998154342496968,0.9998447928700724,47,TOWEL Oregon Scallop Shell Coral Coastal Icon,"100% Cotton
 Measures 18"" x 24"" inches
 Image approx. 7"" x 10""
 Pre-shrunk, absorbent, hemmed edge
 Printed in America!
 
 We guarantee: color accuracy, durable imaging, and the highest print resolution available.",0,2020-05-31 04:03:24.398,oregon towel,,0.0,48,12.0,535,108
99,30562,30562,0.2755,0.0275,,,0.0,,,104.0,-0.0709,-0.394,36.0,,,,,,,,,,,,,,,,,,,,,,,,,,44,Infusio Variety Pack,"InfuSio combines taste and convenience in a single cup. Our commitment is to bring you the best tasting k-cup possible. InfuSio k-cups are ALWAYS freshly ground, perfectly roasted, and begin from single origin, premium beans. 96 Count/10 Different Flavors.
The best coffee, is fresh coffee.
Each 96 Count Variety Box comes with the following blends/flavors: City Roast, Donut Shop, French Roast, Colombian Supremo, Italian Roast, Chicory Coffee, Hazelnut, Caramel, Chocolate Chip, and Vanilla.",1,2020-05-31 20:11:01.942,coffee kcups,,0.0,48,28.0,453,794
